"psuonline","158806690"
"honors","158806691"
"informationtechnology","158806722"
"studenthealthcounseling","158806723"
"studentfinance","158806724"
"visit","158806725"
"careers","158806726"
"engineering","158806727"
"liberalartssciences","158806728"
"socialwork","158806729"
"business","158806730"
"executiveeducation","158806731"
"education","158806732"
"disabilityresourcecenter","158806733"
"humanresources","158806734"
"arts","158806735"
"learningcenter","158806736"
"hatfieldschool","158806737"
"sexualassault","158806738"
